optimizer,job,iter,epoch,train_loss,val_loss,val_pp,val_acc,iter_dt,lr
adamw,2965461_0,0,0.0,,10.919,55212.447,8.6e-05,,
adamw,2965461_0,50,0.005,8.267,,,,0.492,0.000156
adamw,2965461_0,100,0.01,6.733,,,,0.491,0.000509
adamw,2965461_0,150,0.015,6.196,,,,0.492,0.000859
adamw,2965461_0,200,0.021,6.222,6.067,431.43,0.181547,0.491,0.001
adamw,2965461_0,250,0.026,5.949,,,,0.492,0.000998
adamw,2965461_0,300,0.031,5.811,,,,0.492,0.000992
adamw,2965461_0,350,0.036,5.791,,,,0.49,0.000983
adamw,2965461_0,400,0.041,5.549,5.629,278.398,0.208132,0.492,0.00097
adamw,2965461_0,450,0.046,5.464,,,,0.493,0.000953
adamw,2965461_0,500,0.051,5.387,,,,0.486,0.000933
adamw,2965461_0,550,0.057,5.37,,,,0.0495,0.00091
adamw,2965461_0,600,0.062,5.402,5.318,203.979,0.230263,0.492,0.000884
adamw,2965461_0,650,0.067,5.321,,,,0.492,0.000854
adamw,2965461_0,700,0.072,4.99,,,,0.492,0.000823
adamw,2965461_0,750,0.077,5.146,,,,0.492,0.000788
adamw,2965461_0,800,0.082,5.048,5.068,158.784,0.251043,0.493,0.000752
adamw,2965461_0,850,0.088,4.903,,,,0.492,0.000713
adamw,2965461_0,900,0.093,5.085,,,,0.492,0.000673
adamw,2965461_0,950,0.098,5.057,,,,0.493,0.000632
adamw,2965461_0,1000,0.103,4.928,4.867,129.891,0.267428,0.492,0.00059
adamw,2965461_0,1050,0.108,4.986,,,,0.491,0.000547
adamw,2965461_0,1100,0.113,4.54,,,,0.492,0.000504
adamw,2965461_0,1150,0.118,4.817,,,,0.491,0.000461
adamw,2965461_0,1200,0.124,4.728,4.723,112.48,0.27817,0.486,0.000418
adamw,2965461_0,1250,0.129,4.532,,,,0.492,0.000376
adamw,2965461_0,1300,0.134,4.76,,,,0.49,0.000335
adamw,2965461_0,1350,0.139,4.825,,,,0.492,0.000295
adamw,2965461_0,1400,0.144,4.64,4.605,100.003,0.288325,0.491,0.000257
adamw,2965461_0,1450,0.149,4.692,,,,0.492,0.00022
adamw,2965461_0,1500,0.155,4.531,,,,0.492,0.000186
adamw,2965461_0,1550,0.16,4.498,,,,0.491,0.000154
adamw,2965461_0,1600,0.165,4.435,4.526,92.425,0.295186,0.492,0.000125
adamw,2965461_0,1650,0.17,4.606,,,,0.491,9.9e-05
adamw,2965461_0,1700,0.175,4.517,,,,0.492,7.59e-05
adamw,2965461_0,1750,0.18,4.765,,,,0.491,5.6e-05
adamw,2965461_0,1800,0.185,4.696,4.485,88.717,0.298523,0.491,3.96e-05
adamw,2965461_0,1850,0.191,4.451,,,,0.493,2.66e-05
adamw,2965461_0,1900,0.196,4.467,,,,0.492,1.74e-05
adamw,2965461_0,1950,0.201,4.489,,,,0.492,1.18e-05
adamw,2965461_0,2000,0.206,4.651,4.472,87.513,0.299923,0.492,1e-05
muon,2965521_1,0,0.0,,10.919,55212.447,8.6e-05,,
muon,2965521_1,50,0.005,8.49,,,,0.534,0.00313
muon,2965521_1,100,0.01,6.61,,,,0.535,0.0102
muon,2965521_1,150,0.015,6.046,,,,0.534,0.0172
muon,2965521_1,200,0.021,6.025,5.877,356.812,0.202179,0.534,0.02
muon,2965521_1,250,0.026,5.746,,,,0.529,0.02
muon,2965521_1,300,0.031,5.544,,,,0.533,0.0198
muon,2965521_1,350,0.036,5.477,,,,0.534,0.0197
muon,2965521_1,400,0.041,5.172,5.267,193.873,0.241211,0.534,0.0194
muon,2965521_1,450,0.046,5.057,,,,0.534,0.0191
muon,2965521_1,500,0.051,4.986,,,,0.534,0.0187
muon,2965521_1,550,0.057,5.001,,,,0.533,0.0182
muon,2965521_1,600,0.062,5.036,4.942,140.023,0.263486,0.534,0.0177
muon,2965521_1,650,0.067,4.956,,,,0.534,0.0171
muon,2965521_1,700,0.072,4.584,,,,0.532,0.0165
muon,2965521_1,750,0.077,4.761,,,,0.533,0.0158
muon,2965521_1,800,0.082,4.658,4.685,108.283,0.285769,0.533,0.015
muon,2965521_1,850,0.088,4.511,,,,0.533,0.0143
muon,2965521_1,900,0.093,4.703,,,,0.533,0.0135
muon,2965521_1,950,0.098,4.686,,,,0.534,0.0126
muon,2965521_1,1000,0.103,4.559,4.489,89.011,0.303823,0.534,0.0118
muon,2965521_1,1050,0.108,4.572,,,,0.534,0.0109
muon,2965521_1,1100,0.113,4.099,,,,0.534,0.0101
muon,2965521_1,1150,0.118,4.396,,,,0.534,0.00922
muon,2965521_1,1200,0.124,4.347,4.345,77.092,0.316783,0.534,0.00836
muon,2965521_1,1250,0.129,4.154,,,,0.533,0.00752
muon,2965521_1,1300,0.134,4.392,,,,0.533,0.0067
muon,2965521_1,1350,0.139,4.446,,,,0.534,0.0059
muon,2965521_1,1400,0.144,4.202,4.23,68.701,0.327761,0.534,0.00514
muon,2965521_1,1450,0.149,4.276,,,,0.533,0.00441
muon,2965521_1,1500,0.155,4.159,,,,0.533,0.00372
muon,2965521_1,1550,0.16,4.109,,,,0.533,0.00309
muon,2965521_1,1600,0.165,4.005,4.149,63.378,0.3365,0.535,0.00251
muon,2965521_1,1650,0.17,4.243,,,,0.533,0.00198
muon,2965521_1,1700,0.175,4.138,,,,0.534,0.00152
muon,2965521_1,1750,0.18,4.345,,,,0.533,0.00112
muon,2965521_1,1800,0.185,4.271,4.108,60.8,0.340065,0.534,0.000791
muon,2965521_1,1850,0.191,4.065,,,,0.534,0.000533
muon,2965521_1,1900,0.196,4.113,,,,0.534,0.000347
muon,2965521_1,1950,0.201,4.125,,,,0.534,0.000236
muon,2965521_1,2000,0.206,4.212,4.096,60.127,0.341239,0.532,0.0002
newton-muon,2965638_2,0,0.0,,10.919,55212.447,8.6e-05,,
newton-muon,2965638_2,50,0.005,8.897,,,,0.604,0.00156
newton-muon,2965638_2,100,0.01,6.64,,,,0.605,0.00509
newton-muon,2965638_2,150,0.015,6.036,,,,0.604,0.00859
newton-muon,2965638_2,200,0.021,6.019,5.874,355.592,0.198331,0.604,0.01
newton-muon,2965638_2,250,0.026,5.755,,,,0.604,0.00998
newton-muon,2965638_2,300,0.031,5.544,,,,0.605,0.00992
newton-muon,2965638_2,350,0.036,5.475,,,,0.604,0.00983
newton-muon,2965638_2,400,0.041,5.173,5.253,191.12,0.243373,0.605,0.0097
newton-muon,2965638_2,450,0.046,5.024,,,,0.605,0.00953
newton-muon,2965638_2,500,0.051,4.956,,,,0.605,0.00933
newton-muon,2965638_2,550,0.057,4.948,,,,0.599,0.0091
newton-muon,2965638_2,600,0.062,4.971,4.886,132.42,0.269559,0.605,0.00884
newton-muon,2965638_2,650,0.067,4.897,,,,0.605,0.00854
newton-muon,2965638_2,700,0.072,4.537,,,,0.603,0.00823
newton-muon,2965638_2,750,0.077,4.705,,,,0.604,0.00788
newton-muon,2965638_2,800,0.082,4.613,4.636,103.13,0.289831,0.706,0.00752
newton-muon,2965638_2,850,0.088,4.464,,,,0.604,0.00713
newton-muon,2965638_2,900,0.093,4.635,,,,0.604,0.00673
newton-muon,2965638_2,950,0.098,4.619,,,,0.605,0.00632
newton-muon,2965638_2,1000,0.103,4.477,4.416,82.77,0.311048,0.605,0.0059
newton-muon,2965638_2,1050,0.108,4.498,,,,0.605,0.00547
newton-muon,2965638_2,1100,0.113,4.003,,,,0.605,0.00504
newton-muon,2965638_2,1150,0.118,4.325,,,,0.605,0.00461
newton-muon,2965638_2,1200,0.124,4.276,4.268,71.376,0.324453,0.604,0.00418
newton-muon,2965638_2,1250,0.129,4.069,,,,0.605,0.00376
newton-muon,2965638_2,1300,0.134,4.323,,,,0.604,0.00335
newton-muon,2965638_2,1350,0.139,4.364,,,,0.605,0.00295
newton-muon,2965638_2,1400,0.144,4.138,4.159,64.035,0.334318,0.605,0.00257
newton-muon,2965638_2,1450,0.149,,,,,0.605,0.0022
newton-muon,2965638_2,1500,0.155,,,,,0.604,0.00186
newton-muon,2965638_2,1550,0.16,,,,,0.604,0.00154
newton-muon,2965638_2,1600,0.165,,,,0.0,0.702,0.00125
newton-muon,2965638_2,1650,0.17,,,,,0.603,0.00099
newton-muon,2965638_2,1700,0.175,,,,,0.604,0.000759
newton-muon,2965638_2,1750,0.18,,,,,0.604,0.00056
newton-muon,2965638_2,1800,0.185,,,,0.0,0.604,0.000396
newton-muon,2965638_2,1850,0.191,,,,,0.603,0.000266
newton-muon,2965638_2,1900,0.196,,,,,0.604,0.000174
newton-muon,2965638_2,1950,0.201,,,,,0.604,0.000118
newton-muon,2965638_2,2000,0.206,,,,0.0,0.604,0.0001
newton-muon_failed_lr0.02,2965461_2,0,0.0,,10.919,55212.447,8.6e-05,,
newton-muon_failed_lr0.02,2965461_2,50,0.005,8.523,,,,0.604,0.00313
newton-muon_failed_lr0.02,2965461_2,100,0.01,6.593,,,,0.604,0.0102
newton-muon_failed_lr0.02,2965461_2,150,0.015,,,,,0.603,0.0172
newton stable lr0p004_ridge0p5_clip3,2980785_1,0,0.0,,10.919,55212.447,8.6e-05,,
newton stable lr0p004_ridge0p5_clip3,2980785_1,50,0.005,9.394,,,,0.611,0.000625
newton stable lr0p004_ridge0p5_clip3,2980785_1,100,0.01,6.757,,,,0.614,0.00204
newton stable lr0p004_ridge0p5_clip3,2980785_1,150,0.015,6.078,,,,0.614,0.00344
newton stable lr0p004_ridge0p5_clip3,2980785_1,200,0.021,6.034,5.893,362.603,0.194336,0.615,0.004
newton stable lr0p004_ridge0p5_clip3,2980785_1,250,0.026,5.775,,,,0.634,0.00399
newton stable lr0p004_ridge0p5_clip3,2980785_1,300,0.031,5.581,,,,0.647,0.00397
newton stable lr0p004_ridge0p5_clip3,2980785_1,350,0.036,5.527,,,,0.654,0.00393
newton stable lr0p004_ridge0p5_clip3,2980785_1,400,0.041,5.264,5.346,209.715,0.23188,0.654,0.00388
newton stable lr0p004_ridge0p5_clip3,2980785_1,450,0.046,5.111,,,,0.653,0.00381
newton stable lr0p004_ridge0p5_clip3,2980785_1,500,0.051,5.049,,,,0.655,0.00373
newton stable lr0p004_ridge0p5_clip3,2980785_1,550,0.057,5.034,,,,0.651,0.00364
newton stable lr0p004_ridge0p5_clip3,2980785_1,600,0.062,5.052,4.964,143.216,0.261533,0.653,0.00353
newton stable lr0p004_ridge0p5_clip3,2980785_1,650,0.067,4.959,,,,0.65,0.00342
newton stable lr0p004_ridge0p5_clip3,2980785_1,700,0.072,4.591,,,,0.659,0.00329
newton stable lr0p004_ridge0p5_clip3,2980785_1,750,0.077,4.763,,,,0.656,0.00315
newton stable lr0p004_ridge0p5_clip3,2980785_1,800,0.082,4.669,4.699,109.886,0.280856,0.733,0.00301
newton stable lr0p004_ridge0p5_clip3,2980785_1,850,0.088,4.518,,,,0.65,0.00285
newton stable lr0p004_ridge0p5_clip3,2980785_1,900,0.093,4.718,,,,0.65,0.00269
newton stable lr0p004_ridge0p5_clip3,2980785_1,950,0.098,4.706,,,,0.657,0.00253
newton stable lr0p004_ridge0p5_clip3,2980785_1,1000,0.103,4.567,4.504,90.377,0.296712,0.656,0.00236
newton stable lr0p004_ridge0p5_clip3,2980785_1,1050,0.108,4.596,,,,0.661,0.00219
newton stable lr0p004_ridge0p5_clip3,2980785_1,1100,0.113,4.114,,,,0.651,0.00202
newton stable lr0p004_ridge0p5_clip3,2980785_1,1150,0.118,4.392,,,,0.655,0.00184
newton stable lr0p004_ridge0p5_clip3,2980785_1,1200,0.124,4.338,4.343,76.922,0.312925,0.652,0.00167
newton stable lr0p004_ridge0p5_clip3,2980785_1,1250,0.129,4.14,,,,0.648,0.0015
newton stable lr0p004_ridge0p5_clip3,2980785_1,1300,0.134,4.387,,,,0.658,0.00134
newton stable lr0p004_ridge0p5_clip3,2980785_1,1350,0.139,4.419,,,,0.652,0.00118
newton stable lr0p004_ridge0p5_clip3,2980785_1,1400,0.144,4.189,4.221,68.111,0.325457,0.651,0.00103
newton stable lr0p004_ridge0p5_clip3,2980785_1,1450,0.149,4.266,,,,0.651,0.000881
newton stable lr0p004_ridge0p5_clip3,2980785_1,1500,0.155,4.154,,,,0.652,0.000745
newton stable lr0p004_ridge0p5_clip3,2980785_1,1550,0.16,4.092,,,,0.662,0.000617
newton stable lr0p004_ridge0p5_clip3,2980785_1,1600,0.165,3.998,4.145,63.095,0.333491,0.747,0.000501
newton stable lr0p004_ridge0p5_clip3,2980785_1,1650,0.17,4.241,,,,0.657,0.000396
newton stable lr0p004_ridge0p5_clip3,2980785_1,1700,0.175,4.129,,,,0.651,0.000304
newton stable lr0p004_ridge0p5_clip3,2980785_1,1750,0.18,4.322,,,,0.66,0.000224
newton stable lr0p004_ridge0p5_clip3,2980785_1,1800,0.186,4.255,4.107,60.738,0.337596,0.644,0.000158
newton stable lr0p004_ridge0p5_clip3,2980785_1,1850,0.191,4.057,,,,0.659,0.000107
newton stable lr0p004_ridge0p5_clip3,2980785_1,1900,0.196,4.101,,,,0.654,6.95e-05
newton stable lr0p004_ridge0p5_clip3,2980785_1,1950,0.201,4.128,,,,0.657,4.72e-05
newton stable lr0p004_ridge0p5_clip3,2980785_1,2000,0.206,4.206,4.097,60.169,0.337765,0.651,4e-05
newton stable lr0p004_ridge1p0_clip3,2980785_2,0,0.0,,10.919,55212.447,8.6e-05,,
newton stable lr0p004_ridge1p0_clip3,2980785_2,50,0.005,9.371,,,,0.557,0.000625
newton stable lr0p004_ridge1p0_clip3,2980785_2,100,0.01,6.749,,,,0.558,0.00204
newton stable lr0p004_ridge1p0_clip3,2980785_2,150,0.015,6.075,,,,0.557,0.00344
newton stable lr0p004_ridge1p0_clip3,2980785_2,200,0.021,6.034,5.893,362.564,0.194572,0.558,0.004
newton stable lr0p004_ridge1p0_clip3,2980785_2,250,0.026,5.776,,,,0.557,0.00399
newton stable lr0p004_ridge1p0_clip3,2980785_2,300,0.031,5.583,,,,0.558,0.00397
newton stable lr0p004_ridge1p0_clip3,2980785_2,350,0.036,5.525,,,,0.558,0.00393
newton stable lr0p004_ridge1p0_clip3,2980785_2,400,0.041,5.264,5.34,208.594,0.232524,0.559,0.00388
newton stable lr0p004_ridge1p0_clip3,2980785_2,450,0.046,5.107,,,,0.558,0.00381
newton stable lr0p004_ridge1p0_clip3,2980785_2,500,0.051,5.039,,,,0.558,0.00373
newton stable lr0p004_ridge1p0_clip3,2980785_2,550,0.057,5.027,,,,0.552,0.00364
newton stable lr0p004_ridge1p0_clip3,2980785_2,600,0.062,5.047,4.958,142.309,0.262113,0.559,0.00353
newton stable lr0p004_ridge1p0_clip3,2980785_2,650,0.067,4.953,,,,0.558,0.00342
newton stable lr0p004_ridge1p0_clip3,2980785_2,700,0.072,4.593,,,,0.557,0.00329
newton stable lr0p004_ridge1p0_clip3,2980785_2,750,0.077,4.755,,,,0.558,0.00315
newton stable lr0p004_ridge1p0_clip3,2980785_2,800,0.082,4.659,4.691,108.911,0.282117,0.644,0.00301
newton stable lr0p004_ridge1p0_clip3,2980785_2,850,0.088,4.507,,,,0.558,0.00285
newton stable lr0p004_ridge1p0_clip3,2980785_2,900,0.093,4.711,,,,0.558,0.00269
newton stable lr0p004_ridge1p0_clip3,2980785_2,950,0.098,4.691,,,,0.557,0.00253
newton stable lr0p004_ridge1p0_clip3,2980785_2,1000,0.103,4.555,4.485,88.678,0.299306,0.558,0.00236
newton stable lr0p004_ridge1p0_clip3,2980785_2,1050,0.108,4.577,,,,0.557,0.00219
newton stable lr0p004_ridge1p0_clip3,2980785_2,1100,0.113,4.076,,,,0.558,0.00202
newton stable lr0p004_ridge1p0_clip3,2980785_2,1150,0.118,4.365,,,,0.558,0.00184
newton stable lr0p004_ridge1p0_clip3,2980785_2,1200,0.124,4.313,4.316,74.869,0.316569,0.558,0.00167
newton stable lr0p004_ridge1p0_clip3,2980785_2,1250,0.129,4.125,,,,0.558,0.0015
newton stable lr0p004_ridge1p0_clip3,2980785_2,1300,0.134,4.363,,,,0.557,0.00134
newton stable lr0p004_ridge1p0_clip3,2980785_2,1350,0.139,4.394,,,,0.558,0.00118
newton stable lr0p004_ridge1p0_clip3,2980785_2,1400,0.144,4.168,4.201,66.76,0.328092,0.557,0.00103
newton stable lr0p004_ridge1p0_clip3,2980785_2,1450,0.149,4.236,,,,0.558,0.000881
newton stable lr0p004_ridge1p0_clip3,2980785_2,1500,0.155,4.137,,,,0.558,0.000745
newton stable lr0p004_ridge1p0_clip3,2980785_2,1550,0.16,4.074,,,,0.559,0.000617
newton stable lr0p004_ridge1p0_clip3,2980785_2,1600,0.165,3.985,4.126,61.955,0.335373,0.644,0.000501
newton stable lr0p004_ridge1p0_clip3,2980785_2,1650,0.17,4.221,,,,0.558,0.000396
newton stable lr0p004_ridge1p0_clip3,2980785_2,1700,0.175,4.115,,,,0.558,0.000304
newton stable lr0p004_ridge1p0_clip3,2980785_2,1750,0.18,4.301,,,,0.558,0.000224
newton stable lr0p004_ridge1p0_clip3,2980785_2,1800,0.186,4.233,4.09,59.734,0.339996,0.554,0.000158
newton stable lr0p004_ridge1p0_clip3,2980785_2,1850,0.191,4.038,,,,0.557,0.000107
newton stable lr0p004_ridge1p0_clip3,2980785_2,1900,0.196,4.09,,,,0.557,6.95e-05
newton stable lr0p004_ridge1p0_clip3,2980785_2,1950,0.201,4.12,,,,0.557,4.72e-05
newton stable lr0p004_ridge1p0_clip3,2980785_2,2000,0.206,4.191,4.08,59.15,0.340409,0.559,4e-05
newton stable lr0p005_ridge0p5_clip3,2980785_0,0,0.0,,10.919,55212.447,8.6e-05,,
newton stable lr0p005_ridge0p5_clip3,2980785_0,50,0.005,9.274,,,,0.611,0.000782
newton stable lr0p005_ridge0p5_clip3,2980785_0,100,0.01,6.718,,,,0.61,0.00254
newton stable lr0p005_ridge0p5_clip3,2980785_0,150,0.015,6.065,,,,0.611,0.0043
newton stable lr0p005_ridge0p5_clip3,2980785_0,200,0.021,6.028,5.884,359.417,0.195966,0.613,0.005
newton stable lr0p005_ridge0p5_clip3,2980785_0,250,0.026,5.767,,,,0.611,0.00499
newton stable lr0p005_ridge0p5_clip3,2980785_0,300,0.031,5.573,,,,0.611,0.00496
newton stable lr0p005_ridge0p5_clip3,2980785_0,350,0.036,5.506,,,,0.611,0.00491
newton stable lr0p005_ridge0p5_clip3,2980785_0,400,0.041,5.231,5.311,202.571,0.236031,0.611,0.00485
newton stable lr0p005_ridge0p5_clip3,2980785_0,450,0.046,5.078,,,,0.611,0.00477
newton stable lr0p005_ridge0p5_clip3,2980785_0,500,0.051,5.011,,,,0.611,0.00467
newton stable lr0p005_ridge0p5_clip3,2980785_0,550,0.057,4.989,,,,0.61,0.00455
newton stable lr0p005_ridge0p5_clip3,2980785_0,600,0.062,5.008,4.921,137.091,0.264913,0.605,0.00442
newton stable lr0p005_ridge0p5_clip3,2980785_0,650,0.067,4.921,,,,0.61,0.00427
newton stable lr0p005_ridge0p5_clip3,2980785_0,700,0.072,4.554,,,,0.61,0.00411
newton stable lr0p005_ridge0p5_clip3,2980785_0,750,0.077,4.716,,,,0.611,0.00394
newton stable lr0p005_ridge0p5_clip3,2980785_0,800,0.082,4.632,4.658,105.453,0.286006,0.687,0.00376
newton stable lr0p005_ridge0p5_clip3,2980785_0,850,0.088,4.488,,,,0.611,0.00357
newton stable lr0p005_ridge0p5_clip3,2980785_0,900,0.093,4.68,,,,0.611,0.00337
newton stable lr0p005_ridge0p5_clip3,2980785_0,950,0.098,4.667,,,,0.611,0.00316
newton stable lr0p005_ridge0p5_clip3,2980785_0,1000,0.103,4.515,4.454,85.946,0.304278,0.612,0.00295
newton stable lr0p005_ridge0p5_clip3,2980785_0,1050,0.108,4.534,,,,0.61,0.00274
newton stable lr0p005_ridge0p5_clip3,2980785_0,1100,0.113,4.026,,,,0.605,0.00252
newton stable lr0p005_ridge0p5_clip3,2980785_0,1150,0.118,4.325,,,,0.613,0.0023
newton stable lr0p005_ridge0p5_clip3,2980785_0,1200,0.124,4.29,4.283,72.485,0.321208,0.611,0.00209
newton stable lr0p005_ridge0p5_clip3,2980785_0,1250,0.129,4.091,,,,0.611,0.00188
newton stable lr0p005_ridge0p5_clip3,2980785_0,1300,0.134,4.33,,,,0.611,0.00167
newton stable lr0p005_ridge0p5_clip3,2980785_0,1350,0.139,4.37,,,,0.613,0.00148
newton stable lr0p005_ridge0p5_clip3,2980785_0,1400,0.144,4.151,4.168,64.611,0.331805,0.611,0.00128
newton stable lr0p005_ridge0p5_clip3,2980785_0,1450,0.149,4.212,,,,0.612,0.0011
newton stable lr0p005_ridge0p5_clip3,2980785_0,1500,0.155,4.109,,,,0.61,0.000931
newton stable lr0p005_ridge0p5_clip3,2980785_0,1550,0.16,4.045,,,,0.611,0.000772
newton stable lr0p005_ridge0p5_clip3,2980785_0,1600,0.165,3.952,4.096,60.098,0.340007,0.687,0.000626
newton stable lr0p005_ridge0p5_clip3,2980785_0,1650,0.17,4.2,,,,0.611,0.000495
newton stable lr0p005_ridge0p5_clip3,2980785_0,1700,0.175,4.08,,,,0.611,0.000379
newton stable lr0p005_ridge0p5_clip3,2980785_0,1750,0.18,4.276,,,,0.612,0.00028
newton stable lr0p005_ridge0p5_clip3,2980785_0,1800,0.186,4.206,4.059,57.941,0.343905,0.613,0.000198
newton stable lr0p005_ridge0p5_clip3,2980785_0,1850,0.191,4.01,,,,0.611,0.000133
newton stable lr0p005_ridge0p5_clip3,2980785_0,1900,0.196,4.058,,,,0.611,8.69e-05
newton stable lr0p005_ridge0p5_clip3,2980785_0,1950,0.201,4.091,,,,0.611,5.9e-05
newton stable lr0p005_ridge0p5_clip3,2980785_0,2000,0.206,4.166,4.05,57.423,0.344421,0.611,5e-05
